
{
"biomes": {
	  "default": {
         "fog_identifier": "vocktilesfog:custom_fog_default",
         "inherit_from_prior_fog": true,
         "water_surface_color": "#44AFF5",
         "water_surface_transparency": 0.7
      },
	  //jungle
      "bamboo_jungle": {
		 "fog_identifier": "vocktilesfog:custom_fog_jungle",
		 "inherit_from_prior_fog": true,
		 "water_surface_color": "#14A2C5",
         "water_surface_transparency": 0.8
	  },
	  "bamboo_jungle_hills": {//pre 1.18
         "fog_identifier": "vocktilesfog:custom_fog_jungle",
         "inherit_from_prior_fog": true,
         "water_surface_color": "#1B9ED8",
         "water_surface_transparency": 0.8
      },
      "jungle": {
         "fog_identifier": "vocktilesfog:custom_fog_jungle",
         "inherit_from_prior_fog": true,
         "water_surface_color": "#14A2C5",
         "water_surface_transparency": 0.8
      },
      "jungle_edge": {
         "fog_identifier": "vocktilesfog:custom_fog_jungle",
         "inherit_from_prior_fog": true,
         "water_surface_color": "#0D8AE3",
         "water_surface_transparency": 0.7
      },
      "jungle_edge_mutated": {//pre 1.18
         "fog_identifier": "vocktilesfog:custom_fog_jungle",
         "inherit_from_prior_fog": true,
         "water_surface_color": "#0D8AE3",
         "water_surface_transparency": 0.7
      },
      "jungle_hills": {//pre 1.18
         "fog_identifier": "vocktilesfog:custom_fog_jungle",
         "inherit_from_prior_fog": true,
         "water_surface_color": "#1B9ED8",
         "water_surface_transparency": 0.8
      },
      "jungle_mutated": {//pre 1.18
         "fog_identifier": "vocktilesfog:custom_fog_jungle",
         "inherit_from_prior_fog": true,
         "water_surface_color": "#1B9ED8",
         "water_surface_transparency": 0.8
      },
	  //beach
      "beach": {
         "fog_identifier": "vocktilesfog:custom_fog_beach",
         "inherit_from_prior_fog": true,
         "water_surface_color": "#0084FF",
         "water_surface_transparency": 0.7
      },
      "cold_beach": {
         "fog_identifier": "vocktilesfog:custom_fog_cold_beach",
         "inherit_from_prior_fog": true,
         "water_surface_color": "#0072db",
         "water_surface_transparency": 0.7
      },
      "stone_beach": {
         "fog_identifier": "vocktilesfog:custom_fog_stone_beach",
         "inherit_from_prior_fog": true,
         "water_surface_color": "#0072db",
         "water_surface_transparency": 0.7
      },
	  //ocean
      "ocean": {
         "fog_identifier": "vocktilesfog:custom_fog_ocean",
         "inherit_from_prior_fog": true,
         "water_surface_color": "#006eff",
         "water_surface_transparency": 0.7
      },
      "deep_ocean": {
         "fog_identifier": "vocktilesfog:custom_fog_deep_ocean",
         "inherit_from_prior_fog": true,
         "water_surface_color": "#006eff",
         "water_surface_transparency": 0.7
      },
      "cold_ocean": {
         "fog_identifier": "vocktilesfog:custom_fog_cold_ocean",
         "inherit_from_prior_fog": true,
         "water_surface_color": "#1a69b8",
         "water_surface_transparency": 0.6
      },
      "deep_cold_ocean": {
         "fog_identifier": "vocktilesfog:custom_fog_deep_cold_ocean",
         "inherit_from_prior_fog": true,
         "water_surface_color": "#1a69b8",
         "water_surface_transparency": 0.6
      },
      "frozen_ocean": {
         "fog_identifier": "vocktilesfog:custom_fog_frozen_ocean",
         "inherit_from_prior_fog": true,
         "water_surface_color": "#2570B5",
         "water_surface_transparency": 0.5
      },
      "legacy_frozen_ocean": {
         "fog_identifier": "vocktilesfog:custom_fog_frozen_ocean",
         "inherit_from_prior_fog": true,
         "water_surface_color": "#2570B5",
         "water_surface_transparency": 0.5
      },
      "deep_frozen_ocean": {
         "fog_identifier": "vocktilesfog:custom_fog_deep_frozen_ocean",
         "inherit_from_prior_fog": true,
         "water_surface_color": "#2570B5",
         "water_surface_transparency": 0.5
      },
      "lukewarm_ocean": {
         "fog_identifier": "vocktilesfog:custom_fog_lukewarm_ocean",
         "inherit_from_prior_fog": true,
         "water_surface_color": "#0D8AE3",
         "water_surface_transparency": 0.6
      },
	  "deep_lukewarm_ocean": {
         "fog_identifier": "vocktilesfog:custom_fog_deep_lukewarm_ocean",
         "inherit_from_prior_fog": true,
         "water_surface_color": "#0D8AE3",
         "water_surface_transparency": 0.6
      },
      "warm_ocean": {
         "fog_identifier": "vocktilesfog:custom_fog_warm_ocean",
         "inherit_from_prior_fog": true,
         "water_surface_color": "#0daae3",
         "water_surface_transparency": 0.6
      },
	  "deep_warm_ocean": {//pre 1.18
         "fog_identifier": "vocktilesfog:custom_fog_deep_warm_ocean",
         "inherit_from_prior_fog": true,
         "water_surface_color": "#0daae3",
         "water_surface_transparency": 0.6
      },
      //dark forest
      "roofed_forest": {
         "fog_identifier": "vocktilesfog:custom_fog_dark_forest",
         "inherit_from_prior_fog": true,
         "water_surface_color": "#0677ce"
      },
	  "roofed_forest_mutated": {//pre 1.18
		 "fog_identifier": "vocktilesfog:custom_fog_dark_forest",
		 "inherit_from_prior_fog": true,
		 "water_surface_color": "#0677ce"
	  },
      //birch forest
	  "birch_forest": {
         "fog_identifier": "vocktilesfog:custom_fog_birch_forest",
         "inherit_from_prior_fog": true,
         "water_surface_color": "#0677ce"
      },
      "birch_forest_hills": {//pre 1.18
         "fog_identifier": "vocktilesfog:custom_fog_birch_forest",
         "inherit_from_prior_fog": true,
         "water_surface_color": "#0677ce"
      },
	  "birch_forest_mutated": {
		 "fog_identifier": "vocktilesfog:custom_fog_birch_forest",
		 "inherit_from_prior_fog": true,
		 "water_surface_color": "#0677ce"
	  },
	  "birch_forest_hills_mutated": {//pre 1.18
		 "fog_identifier": "vocktilesfog:custom_fog_birch_forest",
		 "inherit_from_prior_fog": true,
		 "water_surface_color": "#0677ce"
	  },
	  //forest
      "flower_forest": {
         "fog_identifier": "vocktilesfog:custom_fog_forest",
         "inherit_from_prior_fog": true,
         "water_surface_color": "#20A3CC"
      },
      "forest": {
         "fog_identifier": "vocktilesfog:custom_fog_forest",
         "inherit_from_prior_fog": true,
         "water_surface_color": "#1E97F2"
      },
      "windswept_forest": {
         "fog_identifier": "vocktilesfog:custom_fog_windswept",
         "inherit_from_prior_fog": true,
         "water_surface_color": "#20A3CC"
      },
      "forest_hills": {//pre 1.18
         "fog_identifier": "vocktilesfog:custom_fog_forest",
         "inherit_from_prior_fog": true,
         "water_surface_color": "#056bd1"
      },
	  //taiga
      "taiga": {
         "fog_identifier": "vocktilesfog:custom_fog_taiga",
         "inherit_from_prior_fog": true,
         "water_surface_color": "#287082"
      },
      "taiga_hills": {//pre 1.18
         "fog_identifier": "vocktilesfog:custom_fog_taiga",
         "inherit_from_prior_fog": true,
         "water_surface_color": "#287082"
      },
      "taiga_mutated": {//pre 1.18
         "fog_identifier": "vocktilesfog:custom_fog_taiga",
         "inherit_from_prior_fog": true,
         "water_surface_color": "#287082"
      },
	  //taiga snow
      "cold_taiga": {
         "fog_identifier": "vocktilesfog:custom_fog_snow_taiga",
         "inherit_from_prior_fog": true,
         "water_surface_color": "#205e83"
      },
      "cold_taiga_hills": {//pre 1.18
         "fog_identifier": "vocktilesfog:custom_fog_snow_taiga",
         "inherit_from_prior_fog": true,
         "water_surface_color": "#245b78"
      },
      "cold_taiga_mutated": {//pre 1.18
         "fog_identifier": "vocktilesfog:custom_fog_snow_taiga",
         "inherit_from_prior_fog": true,
         "water_surface_color": "#205e83"
      },
	  //desert
      "desert": {
         "fog_identifier": "vocktilesfog:custom_fog_desert",
         "inherit_from_prior_fog": true,
         "water_surface_color": "#0daae3"
      },
      "desert_hills": {//pre 1.18
         "fog_identifier": "vocktilesfog:custom_fog_desert",
         "inherit_from_prior_fog": true,
         "water_surface_color": "#0daae3"
      },
	  "desert_mutated": {//pre 1.18,desert lakes
         "fog_identifier": "vocktilesfog:custom_fog_desert",
         "inherit_from_prior_fog": true,
         "water_surface_color": "#0daae3"
      },
	  //hills
      "windswept_hills": {
         "fog_identifier": "vocktilesfog:custom_fog_windswept",
         "inherit_from_prior_fog": true,
         "water_surface_color": "#045cd5"
      },
	  "windswept_gravelly_hills": {
         "fog_identifier": "vocktilesfog:custom_fog_windswept",
         "inherit_from_prior_fog": true,
         "water_surface_color": "#0E63AB"
      },
	  "extreme_hills_edge": {//pre 1.18
         "fog_identifier": "vocktilesfog:custom_fog_extreme_hills",
         "inherit_from_prior_fog": true,
         "water_surface_color": "#045cd5"
      },
      "extreme_hills_plus_trees_mutated": {//pre 1.18, gravel mountains
         "fog_identifier": "vocktilesfog:custom_fog_extreme_hills_plus_trees_mutated",
         "inherit_from_prior_fog": true,
         "water_surface_color": "#0E63AB"
      },
	  //mega spruce
	  "mega_taiga": {
         "fog_identifier": "vocktilesfog:custom_fog_spruce_redwood",
         "inherit_from_prior_fog": true,
         "water_surface_color": "#287082"
      },
	  "mega_taiga_hills": {//pre 1.18
         "fog_identifier": "vocktilesfog:custom_fog_spruce_redwood",
         "inherit_from_prior_fog": true,
         "water_surface_color": "#287082"
      },
	  "redwood_taiga_hills_mutated": {//pre 1.18
         "fog_identifier": "vocktilesfog:custom_fog_spruce_redwood",
         "inherit_from_prior_fog": true,
         "water_surface_color": "#287082"
      },
	  "redwood_taiga_mutated": {
         "fog_identifier": "vocktilesfog:custom_fog_spruce_redwood",
         "inherit_from_prior_fog": true,
         "water_surface_color": "#287082"
	  },
	  //mesa
	  "mesa": {
         "fog_identifier": "vocktilesfog:custom_fog_mesa",
         "inherit_from_prior_fog": true,
         "water_surface_color": "#497F99"
      },
      "mesa_bryce": {
         "fog_identifier": "vocktilesfog:custom_fog_mesa",
         "inherit_from_prior_fog": true,
         "water_surface_color": "#497F99"
      },
      "mesa_plateau": {//pre 1.18
         "fog_identifier": "vocktilesfog:custom_fog_mesa",
         "inherit_from_prior_fog": true,
         "water_surface_color": "#497F99"
      },
      "mesa_plateau_stone": {
         "fog_identifier": "vocktilesfog:custom_fog_mesa_trees",
         "inherit_from_prior_fog": true,
         "water_surface_color": "#497F99"
      },
	  "mesa_plateau_stone_mutated": {//pre 1.18
         "fog_identifier": "vocktilesfog:custom_fog_mesa_trees",
         "inherit_from_prior_fog": true,
         "water_surface_color": "#497F99"
      },
      "mesa_plateau_mutated": {//pre 1.18
         "fog_identifier": "vocktilesfog:custom_fog_mesa_trees",
         "inherit_from_prior_fog": true,
         "water_surface_color": "#497F99"
      },
	  //mooshroom
      "mushroom_island": {
         "fog_identifier": "vocktilesfog:custom_fog_mushroom_island",
         "inherit_from_prior_fog": true,
         "water_surface_color": "#8a8997"
      },
      "mushroom_island_shore": {//pre 1.18
         "fog_identifier": "vocktilesfog:custom_fog_mushroom_island",
         "inherit_from_prior_fog": true,
         "water_surface_color": "#818193"
      },
	  //plains
      "plains": {
         "fog_identifier": "vocktilesfog:custom_fog_plains",
         "inherit_from_prior_fog": true,
         "water_surface_color": "#1E97F2"
      },
      "sunflower_plains": {
         "fog_identifier": "vocktilesfog:custom_fog_sunflower_plains",
         "inherit_from_prior_fog": true,
         "water_surface_color": "#1E97F2"
      },
      "river": {
         "fog_identifier": "vocktilesfog:custom_fog_river",
         "inherit_from_prior_fog": true,
         "water_surface_color": "#0084FF"
      },
      "frozen_river": {
         "fog_identifier": "vocktilesfog:custom_fog_snow_river",
         "inherit_from_prior_fog": true,
         "water_surface_color": "#2570B5"
      },
      "ice_plains": {
         "fog_identifier": "vocktilesfog:custom_fog_snow",
         "inherit_from_prior_fog": true,
         "water_surface_color": "#2570B5"
      },
      "ice_plains_spikes": {
         "fog_identifier": "vocktilesfog:custom_fog_snow",
         "inherit_from_prior_fog": true,
         "water_surface_color": "#2570B5"
      },
      "ice_mountains": {//pre 1.18
         "fog_identifier": "vocktilesfog:custom_fog_snow",
         "inherit_from_prior_fog": true,
         "water_surface_color": "#2570B5"
      },
	  //savanna
      "savanna": {
         "fog_identifier": "vocktilesfog:custom_fog_savanna",
         "inherit_from_prior_fog": true,
         "water_surface_color": "#2C8B9C"
      },
      "savanna_mutated": {//windswept savanna, is like savanna plateau mutated but smaller and generated weird
         "fog_identifier": "vocktilesfog:custom_fog_shattered_savanna",
         "inherit_from_prior_fog": true,
         "water_surface_color": "#2590A8"
      },
      "savanna_plateau": {
         "fog_identifier": "vocktilesfog:custom_fog_savanna",
         "inherit_from_prior_fog": true,
         "water_surface_color": "#2590A8"
      },
      "savanna_plateau_mutated": {//pre 1.18, sad to see you go
         "fog_identifier": "vocktilesfog:custom_fog_shattered_savanna",
         "inherit_from_prior_fog": true,
         "water_surface_color": "#2590A8"
      },
	  //swamp
      "swampland": {
         "fog_identifier": "vocktilesfog:custom_fog_swampland",
         "inherit_from_prior_fog": true,
         "water_surface_color": "#1d494d",
         "water_surface_transparency": 1
      },
      "swampland_mutated": {//pre 1.18
         "fog_identifier": "vocktilesfog:custom_fog_swampland",
         "inherit_from_prior_fog": true,
         "water_surface_color": "#1d494d",
         "water_surface_transparency": 1
      },
	  //mountains
      "jagged_peaks": {
         "fog_identifier": "vocktilesfog:custom_fog_snow_mountain",
         "inherit_from_prior_fog": true,
		 "water_surface_color": "#3F76E4",
         "water_surface_transparency": 0.5
      },
      "grove": {
         "fog_identifier": "vocktilesfog:custom_fog_snow_taiga",
         "inherit_from_prior_fog": true,
		 "water_surface_color": "#33ADA6",
         "water_surface_transparency": 0.5
      },
      "meadow": {
         "fog_identifier": "vocktilesfog:custom_fog_mountain_meadow",
         "inherit_from_prior_fog": true,
		 "water_surface_color": "#2DA5B9",
         "water_surface_transparency": 0.5
      },
      "frozen_peaks": {
         "fog_identifier": "vocktilesfog:custom_fog_snow_mountain",
         "inherit_from_prior_fog": true,
		 "water_surface_color": "#3F76E4",
         "water_surface_transparency": 0.5
      },
      "snowy_slopes": {
         "fog_identifier": "vocktilesfog:custom_fog_snow_mountain",
         "inherit_from_prior_fog": true,
		 "water_surface_color": "#3F76E4",
         "water_surface_transparency": 0.5
      },
      "stony_peaks": {
         "fog_identifier": "vocktilesfog:custom_fog_stony_peaks",
         "inherit_from_prior_fog": true,
		 "water_surface_color": "#3F76E4",
         "water_surface_transparency": 0.5
      },
	  //caves
	  "dripstone_caves": {
         "fog_identifier": "vocktilesfog:custom_fog_dripstone_caves",
         "inherit_from_prior_fog": true,
		 "water_surface_color": "#3F76E4",
         "water_surface_transparency": 0.5
      },
	  "lush_caves": {
         "fog_identifier": "vocktilesfog:custom_fog_lush_caves",
         "inherit_from_prior_fog": true,
		 "water_surface_color": "#83FFF8",
         "water_surface_transparency": 0.7
      },
	  //nether
	  "basalt_deltas": {
         "fog_identifier": "vocktilesfog:custom_fog_basalt_deltas",
         "inherit_from_prior_fog": true,
         "water_surface_color": "#3f76e4"
      },
      "crimson_forest": {
         "fog_identifier": "vocktilesfog:custom_fog_crimson_forest",
         "inherit_from_prior_fog": true,
         "water_surface_color": "#905957"
      },
      "hell": {
         "fog_identifier": "vocktilesfog:custom_fog_hell",
         "inherit_from_prior_fog": true,
         "water_surface_color": "#905957"
      },
      "soulsand_valley": {
         "fog_identifier": "vocktilesfog:custom_fog_soulsand_valley",
         "inherit_from_prior_fog": true,
         "water_surface_color": "#905957"
      },
      "warped_forest": {
         "fog_identifier": "vocktilesfog:custom_fog_warped_forest",
         "inherit_from_prior_fog": true,
         "water_surface_color": "#905957"
      },
	  //end
      "the_end": {
         "fog_identifier": "vocktilesfog:custom_fog_the_end",
         "inherit_from_prior_fog": true,
         "water_surface_color": "#62529e"
      }
	 }
}