{
  "format_version": "1.16.100",
  "minecraft:fog_settings": {
      "description": {
        "identifier": "vocktilesfog:custom_fog_birch_forest"
      },
      "distance": {
      "air": {
		"fog_start": 0,
		"fog_end": 0.9,
		"fog_color": "#96deff",
		"render_distance_type": "render"
	  },
      "water": {
        "fog_start": 0,
        "fog_end": 96,
        "fog_color": "#91bdc7",
        "render_distance_type": "fixed"
	  },
	  "weather": {
		"fog_start": 0,
		"fog_end": 0.9,
		"fog_color": "#96deff",
		"render_distance_type": "render"
      }
    }
  }
}